{"text": "\u767c\u751f\u65e9\u984f", "segments": [{"id": 0, "seek": 0, "start": 0.0, "end": 1.1400000000000001, "text": "\u767c\u751f\u65e9\u984f", "tokens": [50364, 14637, 8244, 21176, 10178, 237, 50421], "temperature": 1.0, "avg_logprob": -2.108193874359131, "compression_ratio": 0.5714285714285714, "no_speech_prob": 0.03684045001864433}], "language": "zh"}